store_nbr,family,onpromotion,weekday,month,month_name,year,week_of_year,day_of_year,dcoilwtico,sales_lag_21,sales_lag_28,sales_expanded_mean,sales_rolling_mean_20,sales_rolling_mean_30,sales_rolling_mean_40,specific_day_sales_average,prediction
0.0051706885,0.075208455,1.0573605,-0.011287838,0.070209764,0.08779588,0.012272626,-0.057251524,-0.033376966,-0.029795442,-0.096098654,-0.06536008,-0.39730382,4.216077,-0.17594706,-0.0062957653,0.40363818,7.9968047
-0.0039628786,-0.10916221,-0.02703349,-0.027194073,0.039873373,0.06618435,0.0053397412,-0.030017046,-0.03341798,-0.0018314089,0.003428838,-0.0041788644,0.043111313,-1.5254782,0.001000346,0.017724268,-0.34905005,1.0071313
0.0031152493,0.022475697,0.95163184,0.036351763,0.059572008,0.06488442,0.010230838,-0.058841545,0.02515757,-0.011624994,-0.044076473,0.02193204,-0.085796915,1.7471143,-0.16030782,0.021594238,-0.0061915815,5.539014
-0.009707217,-0.13768212,-0.019507356,0.0062780245,0.030196946,0.054448355,-0.0038871912,-0.025712145,-0.025003,-0.01040562,0.036760557,0.04018446,0.025907474,-2.6149714,-0.0066838125,0.09881686,-0.36508495,0.015742859
0.01832614,-0.043645594,0.8609939,0.019189937,0.08796511,0.10820709,0.003927983,-0.07168589,-0.004650576,-0.028202789,-0.07528874,0.00021168428,-0.049956135,1.9598305,-0.1573906,0.071401276,-0.09443955,5.546587
